District Name,Official Website,Executive Director Email,Main Phone,Office Address,Dyslexia Coordinator,Autism Specialist,Evaluation Coordinator,Records Clerk,Free Resources
Houston ISD,https://www.houstonisd.org,NOT FOUND,713-556-7025,"Hattie Mae White Educational Support Center, 4400 West 18th Street Houston, Texas 77092-8501",Charachel Gordon,NOT FOUND,NOT FOUND,NOT FOUND,"HISD provides resources to help maintain a child's skills, including free audiobooks and eBooks. The Talking Book Program (TBP) offers free library services for Texans with visual, physical, or reading disabilities."
Dallas ISD,https://www.dallasisd.org,kwilcots@dallasisd.org,(972) 581-4100,"9400 N. Central Expwy, 7th Floor Dallas, Texas 75231",Veronica Allen,NOT FOUND,Naida Vega,NOT FOUND,"Dallas ISD's Social and Emotional Learning Department offers a variety of resources for educators and caregivers to help students and adults thrive, which includes resources for parents and caregivers. The Special Education Information Center (SPEDTex) also provides resources and interactive features for increasing family awareness of disabilities and special education processes."
Cypress-Fairbanks ISD,www.cfisd.net,NOT FOUND,281-897-6400,"Mark Henry Administration Building (MHAB), 11440 Matzke Rd., Cypress, TX 77429",Stefanie Ware,NOT FOUND,NOT FOUND,NOT FOUND,"Cypress-Fairbanks ISD provides special education services to students aged 3-21, and from birth for those with hearing and vision disabilities. They offer in-class support, resource classes, and speech/language support. Additionally, CFISD provides access to resources such as the Parent Guide for Autism Spectrum Disorders, Texas Department of Aging Services, and the U.S. Department of Education."
Northside ISD,www.nisd.net,veronica.mechler@nisd.net,210-397-8742,"5900 Evers Road, San Antonio TX 78238",NOT FOUND,NOT FOUND,NOT FOUND,NOT FOUND,Northside ISD offers free Special Education Training for substitutes who are interested in succeeding with special needs students. They also provide resources for students with disabilities and special health care needs through Navigate Life Texas.
Katy ISD,https://www.katyisd.org,Contact main office,281-396-6000,"6301 S. Stadium Lane, Katy, TX 77494",Contact main office,Contact main office,Contact main office,Jessica Nuncio,"Katy ISD offers resources like the Parent-Directed Special Education Services (PDSES) program, a one-time $1,500 online grant for eligible students receiving special education services, which can be used for educational materials, resources, or specific services such as speech therapy or tutoring. They also provide resources and information to help resolve special education issues."
Fort Bend ISD,www.fortbendisd.com,"Dahria Driskell, Executive Director",(281) 634-1143,"16431 Lexington Blvd. Sugar Land, TX 77479",NOT FOUND,NOT FOUND,"Noelia Castillo, Program Manager for Evaluation and Related Services","Antoinette Adams, Antoinette.Adams@fortbendisd.gov","Fort Bend ISD offers free resources for students with cognitive challenges, including sorting activities, adapted books, folder games, and printables. Visual supports are available to help children with autism decrease anxiety and increase independence."
IDEA Public Schools,ideapublicschools.org,NOT FOUND,956-377-8000,"2115 W. Pike Blvd. Weslaco, TX 78596",NOT FOUND,NOT FOUND,NOT FOUND,"Agustina Montes, Special Programs Administrator Agustina.montes@ideapublicschools.org","IDEA Public Schools provides resources, training, and support for campuses servicing students who are English Language Learners (ELL) and/or receive 504, Homebound, Dyslexia, or Special Education services. They also support the Response to Intervention (RtI) process and campuses that serve students needing specialized remedial curriculum for additional academic support."
Conroe ISD,https://www.conroeisd.net/,kmwiggins@conroeisd.net,936-709-7813,NOT FOUND,Blanca Cuestas,NOT FOUND,Renee Nelson,Dawn Crider,"Conroe ISD offers parent trainings and workshops, parent support, and an annual resource and transition fair through the CISD Parent Resource Center. They also provide a full continuum of services to meet the needs of eligible students."
Austin ISD,https://www.austinisd.org,NOT FOUND,512-414-SPED (7733),NOT FOUND,Suzann Vera,NOT FOUND,NOT FOUND,NOT FOUND,"SPEDTex offers information for families and educators, including FAQs, parent training, and resources. The Talking Book Program (TBP) provides audio books at no cost for students identified with dyslexia or related disorders."
Fort Worth ISD,www.fwisd.org,audrey.thomas@fwisd.org,817-814-2830,"7060 Camp Bowie Blvd. Fort Worth, TX 76116",NOT FOUND,"Michelle Raymond, Family Support Specialist",Elizabeth Nipper,Sandra Cruz,"Fort Worth ISD provides exceptional learners with services and supports fostering academic excellence, individualized care, evidence-based practices, and early intervention, creating a safe and inclusive environment that promotes resilience and confidence. They also offer parent autism training from Texas A&M."
Frisco ISD,https://www.friscoisd.org,NOT FOUND,469.633.6000,"5515 Ohio Drive Frisco, Texas 75035",Lesha Stallons,NOT FOUND,Jennifer Vasquez,Special Education Clerk,"Frisco ISD offers a Parent Sanctuary and Lending Library with books, sensory kits, weighted items, games, activities, visuals, strategies, and local resources for parents and educators. They also provide access to guides for navigating the Frisco ISD system, referencing local operating guidelines and Texas Framework compliance."
Aldine ISD,https://www.aldineisd.org,tybailey@aldineisd.org,281.985.6053,"15010 Aldine Westfield Road Houston, TX 77032","Kimberly Sinclair, Program Manager for Dyslexia Instruction",NOT FOUND,NOT FOUND,NOT FOUND,"Aldine ISD Special Education Department provides high-quality specially designed instruction and equitable access to exceptional learners to prepare them for college, career, or home and community-based services. They also administer quality assessments, maintain compliance, and implement research-based instructional, social, and emotional strategies to meet each student's individual needs."
North East ISD,https://www.neisd.net,NOT FOUND,210-407-0185,"8961 Tesoro Drive, 5th Floor San Antonio, Texas 78217",NOT FOUND,NOT FOUND,NOT FOUND,NOT FOUND,"NEISD offers free special education services and supports to eligible students, as determined by an ARD committee, and provides resources like the Texas Transition and Employment Guide, community resources, and Supplemental Special Education Services (SSES) Grant Information."
Arlington ISD,https://www.aisd.net/,cbrown1@aisd.net,(682) 867-7690,"690 E. Lamar Blvd. Arlington, TX 76011",Felicia Scruggs,NOT FOUND,NOT FOUND,Yvette Turner,Arlington ISD provides support and devices free of charge to special education students. The Special Education Information Center (SPEDTex) also offers resources and interactive features to increase family awareness of disabilities and special education processes.
Klein ISD,https://kleinisd.net,NOT FOUND,(832) 249-4000,"7200 Spring Cypress Road Klein, TX 77379","Tiffani Burroughs, Melanie Willis, Laura Garcia, Wanda Davis, Heidy Huertas",NOT FOUND,Jessica Hackney,NOT FOUND,Klein ISD ensures a Free and Appropriate Public Education (FAPE) for children needing special education. The Special Education Information Center (SPEDTex) offers resources and interactive features to increase family awareness of disabilities and special education processes.
Garland ISD,www.garlandisd.net,NOT FOUND,972-487-3300,"Harris Hill Administration Building, 501 S. Jupiter Rd., Garland, TX 75042",Stephanie Clark,NOT FOUND,Chastity Jackson,NOT FOUND,"Garland ISD offers free special education services to eligible students residing within the district boundaries, including evaluations and individualized programs. They also provide resources and support through parent education workshops, in-home and community-based training, and transition services."
El Paso ISD,www.episd.org,NOT FOUND,915-230-2000,"1014 N. Stanton St. El Paso, TX 79902","Lorraine Valdez, Lead Dyslexia Instructional Coach",Adriana Rodriguez,NOT FOUND,NOT FOUND,"El Paso ISD offers resources such as Texas Parent to Parent, which provides support and information for families of children and adults with disabilities, and SPEDTex, which offers information to help understand a child's disability and rights under IDEA. A one-time $1,500 online grant is available for parents/guardians of eligible students served by special education and who are enrolled in a Texas public school."
Lewisville ISD,https://www.lisd.net/,spedquestions@lisd.net,(469) 713-5203,"400A High School Dr., Lewisville, TX 75057",NOT FOUND,NOT FOUND,NOT FOUND,NOT FOUND,"LISD offers free programs to eligible families with children receiving Special Education services, including family counseling, parenting resource groups, youth social skills groups, and FOCUS Nights for families of children with Autism Spectrum Disorder."
Plano ISD,https://www.pisd.edu,NOT FOUND,469-752-8240,"2700 W 15th Street Plano, TX 75075",NOT FOUND,NOT FOUND,NOT FOUND,Betty Copeland,"Plano ISD is actively involved with ""child find"" efforts to ensure that children with learning challenges have access to evaluations and services, when appropriate. The Parent-Directed Special Education Services (PDSES) program offers a one-time $1,500 online grant for parents/guardians of eligible students served by special education."
Pasadena ISD,www.pasadenaisd.org,mlebleu@pasadenaisd.org,713-740-5379,"3920 Mickey Gilley Blvd. Pasadena, TX 77505",Brandi Johnson,NOT FOUND,Jessica Alanis,Kathryn Garcia,"Pasadena ISD provides a variety of services for students who are struggling with learning, emotions, behavior, or health conditions, and these services are available through the school district for all eligible students from ages 3-21, regardless of the severity of the disability. The district also provides transportation to the most appropriate program to meet the child's individual needs."
Humble ISD,https://www.humbleisd.net,NOT FOUND,281-641-8400,"10203 Birchridge Drive Humble, TX 77338",Alison Doolin,NOT FOUND,NOT FOUND,Mindy Eaton,"Humble ISD provides resources and interactive features for increasing family awareness of disabilities and special education processes through the Special Education Information Center (SPEDTex). They also offer various resources like TEA Fact Sheets, Parent Brochures, and links to external websites for learning and attention issues."
Socorro ISD,https://www.sisd.net/,NOT FOUND,915-937-1800,"12440 Rojas Dr., El Paso, TX 79928",Lori Anaya,NOT FOUND,NOT FOUND,Nallely Gomez,"Socorro ISD provides special education programs and services to identified children with disabilities, beginning at age three through twenty-one. They offer services such as Occupational Therapy, Physical Therapy, Dyslexia Services, Transition Services, and more."
Round Rock ISD,https://www.roundrockisd.org,Malone Email,512-464-5000,"Lillie Delgado Administration Building
1311 Round Rock Ave
Round Rock, TX 78681",Donna M. Wise,NOT FOUND,NOT FOUND,sped_records@roundrockisd.org,Round Rock ISD offers free appropriate public education to children ages 3-21 with disabilities. The Special Education Information Center (SPEDTex) provides resources and interactive features for increasing family awareness of disabilities and special education processes.
San Antonio ISD,www.saisd.net,lfranke1@saisd.net,210-354-9565,"514 W. Quincy St.San Antonio, TX 78212",NOT FOUND,NOT FOUND,NOT FOUND,NOT FOUND,San Antonio schools offer personalized special needs services to eligible students starting as early as age three in preschool. Students with disabilities are evaluated and receive a plan of action supporting their needs. The ARD committee and IEP can specify special transportation services necessary for a free and appropriate public education.
Killeen ISD,www.killeenisd.org,Paula.Lawrason@killeenisd.org,254-336-2822,"902 N. 10th St., Killeen, TX 76541",NOT FOUND,NOT FOUND,Cecilla Smith,NOT FOUND,"Killeen ISD offers free tutoring for students in grades 4-12, covering math, reading, and writing. The district also provides wellness resources to support the emotional well-being of students, staff, and families."
Lamar CISD,https://www.lcisd.org,NOT FOUND,NOT FOUND,NOT FOUND,NOT FOUND,NOT FOUND,NOT FOUND,NOT FOUND,"Lamar CISD provides targeted support, enrichment, and services that promote academic success and personal growth for students with disabilities. They also implement a comprehensive Child Find system to locate and identify students with disabilities who need special education."
United ISD,https://www.unitedisd.org/,NOT FOUND,NOT FOUND,"4410 State Hwy 359, Laredo, Texas 78043",NOT FOUND,NOT FOUND,NOT FOUND,NOT FOUND,"The Special Education Information Center (SPEDTex) provides resources and interactive features for increasing family awareness of disabilities and special education processes, with the goal of improving partnerships between schools and families. SPEDTex can be contacted via phone, email or live chat."
Alief ISD,https://www.aliefisd.net,NOT FOUND,281-498-8110,"Alief ISD
4250 Cook Road
Houston, TX 77072",NOT FOUND,Sheirly Alexandre,NOT FOUND,Jasmine Tigner,"Alief ISD offers resources like the Transition and Employment Services Guide, Parent's Guide to the ARD Process, and Special Education Operating Guidelines. They also partner with organizations like SPEDTex and Partners Resource Network (Project PATH) to provide families with information, training, and support related to disabilities and special education."
Mansfield ISD,www.mansfieldisd.org,NOT FOUND,817-299-4300,"1016 Magnolia Street, Mansfield, TX 76063",Staci Buck,NOT FOUND,NOT FOUND,NOT FOUND,"Mansfield ISD offers free special education services, including evaluation, to children aged 3-21 who meet eligibility criteria. They also provide supplementary aids and services to help students with disabilities access the general education curriculum."
Ysleta ISD,www.yisd.net,David Medina,(915)434-0900,"Ysleta ISD
9600 Sims Dr
El Paso, TX 79925","Michelle Sanchez (Instruction), Imelda Wall (Evaluation)",Claudia Caballero,NOT FOUND,"Valerie Alcala, Kathleen Gaytan","Ysleta ISD provides resources such as the Texas Transition & Employment Guide in multiple languages and the Special Education Information Center (SPEDTX) to increase family awareness of disabilities and special education processes. They also offer guides for Admission, Review, and Dismissal processes, procedural safeguards, and parent-directed special education services."
Denton ISD,www.dentonisd.org,abonner@dentonisd.org,940-369-4100,"1303 N. Elm Street, Denton, TX 76201",Michelle Brown,NOT FOUND,NOT FOUND,NOT FOUND,"Denton ISD Special Education hosts Parent Resource Events and provides a continuum of student-centered, supportive services to meet the needs of eligible students between the ages of 3 and 21 with disabilities. They also offer resources like the Texas Transition and Employment Guide, SB 139 Notice to Families, and the Dyslexia Handbook."
Ector County ISD,ectorcountyisd.org,NOT FOUND,(432) 456-8719,"804 N. Sam Houston. Odessa, Tx. 79761",NOT FOUND,"Autym Bruno, Melana Moss, Kelcy Penate, Amanda Vesely",NOT FOUND,Suhey Chavez,"ECISD offers specialized programs including Applied Behavior Analysis (ABA), speech and language therapy, occupational therapy, social skills groups, and individualized education plans (IEPs). They also provide resources like the Texas Transition and Employment Guide, Unique Learning Parent Letter, Brainchild Achiever Parent Guide, and Brainchild Mechanics Parent Guide."
Spring ISD,https://www.springisd.org,Dr. Ayana Lebron,(281) 891-6000,"16717 Ella Blvd. Houston, Texas 77090",NOT FOUND,NOT FOUND,NOT FOUND,Jada Hunt,"Spring ISD provides special services at no cost to parents for students with identified disabilities or developmental delays, beginning on their third birthday. These services are individualized to meet the unique educational needs of children with disabilities."
Corpus Christi ISD,www.ccisd.us,jennifer.arismendi@ccisd.us,(361) 878-2684,"Lozano Instructional Service Center 1761 Hudson St. Corpus Christi, TX 78416",Dina Carlton,NOT FOUND,Erin Priour,NOT FOUND,"CCISD is committed to identifying children with disabilities and offers evaluations at no cost, even for children not yet in CCISD. SPEDTex provides resources and interactive features for increasing family awareness of disabilities and special education processes."
Keller ISD,https://www.kellerisd.net,NOT FOUND,817-744-1000,"350 Keller Parkway, Keller, Texas 76248",Danielle Stevens,NOT FOUND,NOT FOUND,Alison Rea,"Keller ISD provides resources and interactive features for increasing family awareness of disabilities and special education processes, with the goal of improving partnerships between schools and families. They also offer fact sheets to guide parents through the special education process, define educational terms, and explain accommodations and modifications."
Prosper ISD,https://www.prosperisd.net/,lgjanak@prosper-isd.net,945-678-0000,"605 East Seventh Street · Prosper, TX 75078",Sheri Warren,NOT FOUND,NOT FOUND,Christy McDonald,"Prosper ISD offers a Family Resource Center that provides support, resources, and training for families of children with special needs. They also host events like Sibshops for students with siblings with special needs and parent workshops."
Pharr-San Juan-Alamo ISD,psjaisd.us,NOT FOUND,(956) 354-2200,"903 N Flag St, Pharr TX 78577",NOT FOUND,NOT FOUND,NOT FOUND,NOT FOUND,"PSJA ISD provides resources such as the Texas Transition and Employment Guide, Child Find Brochure (English and Spanish), and links to external resources like the Texas Education Agency-Special Education and the Office of Special Education & Rehabilitative Services."
Amarillo ISD,www.amaisd.org,NOT FOUND,806-326-1348,NOT FOUND,NOT FOUND,NOT FOUND,NOT FOUND,NOT FOUND,"Amarillo ISD provides information and resources to help parents understand their child's disability, their rights and responsibilities under the Individuals with Disabilities Education Act (IDEA), and facilitate collaboration for the development and delivery of services. Supplemental Special Education Services (SSES) offers a one-time online grant to parents of eligible special education students in Texas public schools, enabling them to purchase educational goods and services."
Northwest ISD,www.nisdtx.org,NOT FOUND,817-215-0075,"Northwest ISD ATTN: SPECIAL EDUCATION DEPARTMENT P.O. Box 77070 Fort Worth, TX 76177-0070",Ruth Ann Beagle,NOT FOUND,Gail Atkinson,NOT FOUND,"SPEDTex provides resources and interactive features for increasing family awareness of disabilities and special education processes. The district also provides support options, including referral for a special education evaluation, and tutorial, compensatory, and other academic or behavior support services."
Comal ISD,https://www.comalisd.org/,michele.martella@comalisd.org,(830) 221-2056 or 830-221-2119,"1404 IH 35 North, New Braunfels, TX 78130",Jennifer Johnson,NOT FOUND,LuAn Jonas,Veronica Prieto or Leticia Cheatham,"Comal ISD Special Education provides resources like the SPED Parent Handbook, Texas School for the Blind and Visually Impaired - General Information for Parents, information on compensatory services, and links to external websites offering overviews of special education, rules and regulations, and disability condition explanations."
Edinburg CISD,https://www.ecisd.us,a.suarez@ecisd.us,(956)289-2314,"411 N. 8th Ave. Edinburg, Tx 78539",NOT FOUND,NOT FOUND,NOT FOUND,NOT FOUND,"Edinburg CISD provides various free resources, including the Talking Book Program for Texans with visual, physical, or reading disabilities, and TEA parent resources offering guidance and support for families, including those with students in special education. The district also provides access to technology and assistive technology to help students with disabilities succeed."
Midland ISD,www.midlandisd.net,NOT FOUND,432-240-1000,615 W. Missouri Ave. Midland. TX. 79701,NOT FOUND,NOT FOUND,NOT FOUND,NOT FOUND,Midland ISD offers free training to parents and caregivers of children up to age 22 with autism spectrum disorder (ASD) to improve their child's communication skills. The training includes a self-paced webinar and options for coaching sessions.
Mesquite ISD,www.mesquiteisd.org,mmorris@mesquiteisd.org,972-882-7700,"714 E. Kimbrough St.
",Leslie Wingate,NOT FOUND,Destiny Malone,NOT FOUND,"Mesquite ISD offers resources such as the Special Education Information Center (SPEDTex) that provides resources and interactive features to increase family awareness of disabilities and special education processes, and Navigate Life Texas. The district also provides information to help families connect with Early Childhood Intervention (ECI) Programs of Dallas County."
Richardson ISD,www.risd.org,judy.daniel@risd.org,469-593-7500,"701 W. Belt Line Road Richardson, TX 75080",Shannon Suess,NOT FOUND,Brynn Klibert,NOT FOUND,"Richardson ISD offers resources through the Special Education Information Center (SPEDTex), which provides resources and interactive features for increasing family awareness of disabilities and special education processes. They also offer Supplemental Special Education Services (SSES) which are $1,500 one-time online grants for eligible parents/caregivers of eligible students served by special education who have been impacted by COVID-19 school closures."
Leander ISD,https://www.leanderisd.org,NOT FOUND,512-570-0350,NOT FOUND,Brittany Barlow,NOT FOUND,NOT FOUND,student.records@leanderisd.org,"Leander ISD offers free resources such as the Child Find program for children aged birth to 21, which provides referral, information, and evaluation services to assess the need for special education. They also host family workshops and a Collaborative Partners podcast to help families navigate special programs and connect with community resources."
Grand Prairie ISD,www.gpisd.org,rodney.traylor@gpisd.org,972-237-4019,"2602 S. Belt Line Rd. Grand Prairie, Texas 75052",Marna Linnabary,NOT FOUND,Lauren Plemons,Rocio Vallejo,"GPISD ensures special education services at no cost are available to eligible students ages three through 21 years and to children from birth through age 21 years who have a hearing or visual impairment. The district also provides resources for parents and information on Child Find, assessment, dyslexia services, and Section 504."
Carrollton-Farmers Branch ISD,https://www.cfbisd.edu/,NOT FOUND,972-968-5800,"1745 Hutton Dr Carrollton, TX 75006",Brenda Weintraub,NOT FOUND,Nancy Gallegos,Mary Duncan,"CFBISD Special Education Department prioritizes accessibility and inclusivity, offering specially designed instruction for infants, toddlers, children, and youth from birth through 21 years of age. They also host events like Kacie's Run to benefit the All Stars Special Olympics Team."
Lubbock ISD,www.lubbockisd.org,kami.finger@lubbockisd.org,806-219-0400,"Lubbock ISD
1628 19th Street
Lubbock, TX 79401",Dana King,NOT FOUND,NOT FOUND,Sarah Wright,"Lubbock ISD provides information about options available through the Texas Driving with Disability initiative to students who have a health condition or disability that may impede effective communication and offers supplemental services from the Texas Education Agency (TEA). The district also provides community resources, disability resources, resources for families in need, mental health and behavioral resources, and bilingual resources."
La Joya ISD,https://www.lajoyaisd.net/,NOT FOUND,956-323-2570,"201 E. Expy 83 La Joya, TX 78560",NOT FOUND,NOT FOUND,NOT FOUND,NOT FOUND,"La Joya ISD Special Education Department offers support, programs, and specialized placements at no cost to parents, aiming to increase student achievement. SPEDTex provides resources and interactive features to increase family awareness of disabilities and special education processes."
Eagle Mountain-Saginaw ISD,https://www.emsisd.com,hhughes@ems-isd.net,817-232-0880,"1600 Mustang Rock Rd, Fort Worth, TX 76179",Angie Burdzilauskas,NOT FOUND,NOT FOUND,NOT FOUND,"Eagle Mountain-Saginaw ISD provides free appropriate programs for students with disabilities, including those attending private or home schools. The district also provides online accounts to parents of eligible students served by special education who have been impacted by COVID-19 school closures, offering a one-time $1,500 grant for educational goods and services."
McKinney ISD,https://www.mckinneyisd.net/,msutton@mckinneyisd.net,469-302-4000,"One Duvall Street McKinney, Texas 75069",NOT FOUND,Micah Jason Reed,Brooklyn Monnat,Regina Inge,"McKinney ISD Special Education provides resources such as ARD Meeting Guides, Evaluation Request Letters, and IEP Goal Trackers. They also offer P.O.W.E.R. Parenting series workshops that provide strategies for managing behavior, understanding development, and navigating the school system."
Birdville ISD,www.birdvilleschools.net,Tammy Diller,817-547-3700,"6351 Boulevard 26, North Richland Hills, TX 76180",NOT FOUND,NOT FOUND,NOT FOUND,NOT FOUND,"Birdville ISD offers a comprehensive system of Child Find in which all individuals birth through 21 years old who may or may not be in school and who fall within our jurisdiction, regardless of the severity of the disability, will be located, identified and evaluated, at no cost to the parents. They also provide online training modules for Autism 101."
Alvin ISD,https://www.alvinisd.net,NOT FOUND,281-388-1130,"301 E. House Street
Alvin, TX 77511",NOT FOUND,NOT FOUND,NOT FOUND,NOT FOUND,"Alvin ISD provides a continuum of academic and behavioral support services to meet the needs of students with disabilities, including instructional accommodations, individualized education plans, inclusive support, and specialized programming. A Full and Individual Evaluation (FIE) can be conducted at no cost to parents who reside within Alvin ISD boundaries to determine if a child meets the requirements for special education services."
Spring Branch ISD,https://www.springbranchisd.com,NOT FOUND,713-251-1700,"2100 Shadowdale, Houston, TX 77043","Aissa Painter, Dyslexia and Reading Intervention Coordinator",NOT FOUND,NOT FOUND,NOT FOUND,"SBISD provides digital tools like Learning Ally, Talking Books, and Google Read & Write for text-to-speech and audiobooks, along with supports like speech-to-text and writing accommodations. They also offer parent resources, including a Special Education Parent Guide, information on various disabilities, and resources provided by the Texas Education Agency."
Clear Creek ISD,https://www.ccisd.net,mstaley@ccisd.net,281-284-0750,"Learner Support Center, 2903 Falcon Pass, Room #1038, Houston, Texas",Charlotte LeBlanc & Lisa Cann,NOT FOUND,"Denise Cummins, CCISD Director of Support Services",NOT FOUND,"The Parent Resource Center (PRC) offers free IEP and ARD process workshops, curriculum support, STAAR explanations, hands-on classes using the N2Y curriculum, visual schedule workshops, an educator/parent resource library, and community provider workshops."
Tyler ISD,www.tylerisd.org,NOT FOUND,903-262-1000,"Tyler ISD
1319 Earl Campbell Parkway
Tyler, TX 75701",Rebekah Neal (Coordinator of Instructional Services),NOT FOUND,NOT FOUND,Margueriete Jones,"Tyler ISD provides resources such as ARDs via Zoom/telephone, special education teachers collaborating with general education teachers, Google Classrooms, and individualized packets delivered to homes without internet. They also offer various online resources for autism, deaf & hard of hearing, dyslexia, early childhood, learning disabilities, low incidence disabilities and visual impairment."
Wylie ISD,www.wylieisd.net,special.education@wylieisd.net,972.429.2363,"951 S Ballard Ave Wylie, Texas 75098",NOT FOUND,NOT FOUND,NOT FOUND,NOT FOUND,"Wylie ISD offers a continuum of instructional and related services based on student data and needs, including early childhood special education, resource and inclusion, and dyslexia support. They also provide services such as speech therapy, adaptive PE, and services for the deaf/hard of hearing."
Tomball ISD,https://www.tomballisd.net,keriwilliams@tomballisd.net,281-357-3140,"Tomball Innovation Center (TIC). 11211 FM 2920. Tomball, TX 77375
OR
310 S. Cherry Street Tomball, TX 77375",NOT FOUND,NOT FOUND,NOT FOUND,NOT FOUND,Tomball ISD provides resources and interactive features for increasing family awareness of disabilities and special education processes through the Special Education Information Center (SPEDTex). The district also uploads a child's most recent IEP to the state's APEX-ESA system if the child has been evaluated and found eligible for special education services by Tomball ISD.
Allen ISD,www.allenisd.org,NOT FOUND,972-727-0490,"612 E. Bethany Dr., Allen, TX, 75002",Kara Janasak,NOT FOUND,NOT FOUND,Shelby Schneider-Hoffart (Special Education Records Specialist),"Allen ISD offers resources such as the Texas Transition and Employment Guide in multiple languages, SB 139 Notice to Families, Procedural Safeguards, A Guide to the ARD Process, The Legal Framework, and SPEDTex (Special Education Information Center). These resources aim to increase family awareness of disabilities and special education processes."
Hurst-Euless-Bedford ISD,https://www.hebisd.edu,reneriek@hebisd.edu,817-399-2240,"501 Precinct Line Road, Hurst, TX 76053",Cyndi Riggs,NOT FOUND,Shanna Grindle,Brissa Villegas,"The Special Education Information Center (SPEDTex) provides resources and interactive features for increasing family awareness of disabilities and special education processes. HEB ISD also offers Child Find, a free referral service designed to determine whether a need for special education and related services exists for children aged birth to 21."
Goose Creek CISD,www.gccisd.net,NOT FOUND,281-420-4520,NOT FOUND,Kim Chaddick,NOT FOUND,Angela Juarez,NOT FOUND,"Goose Creek CISD provides resources like the SPEDTex, ARD Guides in multiple languages (Simplified Chinese, Somali, Spanish, Swahili, Tagalog, Thai, Turkish, Urdu, Vietnamese, Arabic, English, Farsi, French, German, Japanese, Korean, Russian) and Texas Transition Employment Guide. They also offer information on pre-K options and registration details for new and returning students."
Beaumont ISD,https://www.bmtisd.com/,NOT FOUND,409-617-5277 or 409-617-5117,NOT FOUND,Betsy Miller,NOT FOUND,NOT FOUND,Hallie Jones,"Beaumont ISD provides various special education resources, including guides to the ARD process in English and Spanish, Child Find FAQs, and notices of procedural safeguards. They also offer resources for Autism, such as access to the Texas A&M BLINC lab online training for parents."
Rockwall ISD,www.rockwallisd.com,NOT FOUND,(972) 772-1175,1050 Williams St. Rockwall. TX. 75087,NOT FOUND,NOT FOUND,NOT FOUND,NOT FOUND,"Rockwall ISD provides specially designed instruction for students with disabilities in various settings, offering services such as audiology, counseling, transportation, and therapies. The Special Education Information Center (SPEDTex) offers resources and interactive features to increase family awareness of disabilities and special education processes."
Harmony Public Schools (Combined),https://www.harmonytx.org/,NOT FOUND,713-343-3333,"1255 Enclave Parkway, Houston, Texas 77077","Ipek Torun, Director - Section 504 and Dyslexia Programs",NOT FOUND,NOT FOUND,NOT FOUND,"Harmony Public Schools provides special programs to support students with disabilities in gaining college and career readiness, and independent living skills through active engagement in grade level curriculum. They also offer resources for parents and information on dyslexia and related disorders on their website."
Irving ISD,https://www.irvingisd.net/,NOT FOUND,972-600-4607,"2621 W. Airport Fwy. Irving, TX 75062",Trina Harsh,NOT FOUND,Monica Rawls,Carol Black,Irving ISD provides special services at no cost to families of eligible individuals from birth to 21 years of age who have a developmental delay or disability. SPEDTex offers resources and interactive features to increase family awareness of disabilities and special education processes.
New Caney ISD,www.newcaneyisd.org,NOT FOUND,(281) 577-8670,"22500 Eagle Drive New Caney, TX 77357",NOT FOUND,Brittany Hamilton,Amber Snyder,NOT FOUND,The Special Education Information Center (SPEDTex) provides resources and interactive features for increasing family awareness of disabilities and special education processes. Supplemental Special Education Services (SSES) are available as a one-time online grant.
Georgetown ISD,https://www.georgetownisd.org/,NOT FOUND,512-943-5008,"507 E. University Avenue, Georgetown, TX",NOT FOUND,NOT FOUND,Abbey Kelly,NOT FOUND,"Georgetown ISD provides special education services to children with disabilities to meet their unique needs in various settings. The district also provides related services including transportation, speech therapy, counseling, and a work-study program."
Bryan ISD,bryanisd.org,catherine.george@bryanisd.org,979-209-2780,"1307 Memorial Drive Bryan, TX 77802",NOT FOUND,NOT FOUND,NOT FOUND,Kimberly Adams,"Bryan ISD offers special education at no cost to parents for eligible children with disabilities, providing instruction in various settings like classrooms, homes, and hospitals. They also provide resources and interactive features for increasing family awareness of disabilities and special education processes."
College Station ISD,www.csisd.org,Blaire,979-764-5433,1812 Welsh Ave. College Station. TX. 77840,NOT FOUND,NOT FOUND,NOT FOUND,NOT FOUND,"College Station ISD provides resources such as the Special Education Information Center (SPEDTex) which increases family awareness of disabilities and special education processes. Students identified with dyslexia have free access to Learning Ally, an educational reading app with audiobooks."
Waco ISD,https://www.wacoisd.org,NOT FOUND,254-755-9569,501 Franklin Avenue. Waco. TX. 76701,NOT FOUND,NOT FOUND,Cathy Parker,Barbara Ridings,Waco ISD offers free assessments to determine if a child needs special education services. The Special Education Information Center (SPEDTex) provides resources and interactive features for increasing family awareness of disabilities and special education processes.
Sherman ISD,www.shermanisd.net,NOT FOUND,NOT FOUND,NOT FOUND,NOT FOUND,NOT FOUND,NOT FOUND,NOT FOUND,Sherman ISD is committed to supporting students through customized educational opportunities and partnerships between parents and staff. Special education services are available at every Sherman ISD campus. Sherman ISD offers dyslexia services on all campuses to all students who meet eligibility criteria.
Victoria ISD,www.visd.net,kelli.cotton@visd.net,(361) 576-3131,"102 Profit St Victoria, TX 77901",NOT FOUND,NOT FOUND,NOT FOUND,NOT FOUND,"Victoria ISD provides extensive autism support, including trained staff, resources, materials, and support specialists, with a parent handbook containing local and state supports. SPEDTex also offers information and resources to help understand a child's disability and rights under IDEA."
Longview ISD,www.lisd.org,NOT FOUND,NOT FOUND,NOT FOUND,NOT FOUND,NOT FOUND,NOT FOUND,NOT FOUND,"Longview ISD aims to provide a free appropriate public education to students in need of special education services. They offer a continuum of placement options and will provide necessary related services, materials, or equipment."
San Angelo ISD,www.saisd.org,NOT FOUND,(325) 657-4055,"218 N. Oakes San Angelo, TX 76903",Amy Finch,NOT FOUND,Amy Finch,Angela Flores,"San Angelo ISD provides a comprehensive array of high-quality services to students with disabilities, ensuring every child with a disability receives a free and appropriate public education. The Special Education Information Center (SPEDTex) offers resources and interactive features to increase family awareness of disabilities and special education processes."
Wichita Falls ISD,www.wfisd.net,aparis-toulon@wfisd.net,940-235-1019,"1104 Broad Street, Wichita Falls, TX 76301",Diann Davenport,NOT FOUND,Andreia Waggoner,NOT FOUND,"WFISD Special Education provides resources and interactive features for increasing family awareness of disabilities and special education processes, with the goal of improving partnerships between schools and families. An individualized education plan is developed for every student receiving services, which sets short and long-term goals and determines instructional and related services."
Harlingen CISD,https://www.hcisd.org,Oziel.Ochoa@hcisd.org,956-427-3445,"310 N. 13th Street Harlingen, TX 78550",Shannon Reyna,NOT FOUND,NOT FOUND,NOT FOUND,"Harlingen CISD provides a comprehensive educational program with complete educational opportunities essential to the full intellectual and social development of students with disabilities between the ages of 3 and 21. A full continuum of instructional and related services is available to eligible students, with initial consideration given to provision of services in the general education classroom to the greatest extent possible."
Weslaco ISD,https://www.wisd.us/,NOT FOUND,(956) 969 - 6822,"814 E. Plaza Street.
Weslaco, Texas 78596",Jennifer Cardenas,NOT FOUND,NOT FOUND,Norma Lara,"Weslaco ISD provides resources and interactive features for increasing family awareness of disabilities and the special education process, with the goal of improving partnerships between schools and families. SPEDTex also provides resources to understand a child's disability and rights under the Individuals with Disabilities Education Act (IDEA)."
Mission CISD,https://www.mcisd.org/,NOT FOUND,956.323.5570,"1201 Bryce Dr. Mission, TX 78572",NOT FOUND,NOT FOUND,NOT FOUND,NOT FOUND,"Mission CISD Special Education offers resources such as Parent-Directed Special Education Services, Special Olympics, Child Find (a free referral and information service for children from birth to 21 years old), and Transition Services. SPEDTex also provides resources and interactive features for increasing family awareness of disabilities and special education processes."
Brownsville ISD,www.bisd.us,sara.windham@bisd.net,(956) 548-8400,"2467 Price Road, Brownsville, Texas 78521",Beatriz J. Daniels,NOT FOUND,NOT FOUND,NOT FOUND,"Brownsville ISD offers resources such as Spanish to English frequently used words, Texas Project First Learning Disabilities Resource, ABC Ya!, and Learning Ally. The district also provides Child Find, a free referral service to locate, identify, and evaluate children with disabilities from birth to 21 years old."
Del Valle ISD,www.dvisd.net,NOT FOUND,512-386-3080,"5301 Ross Rd, Suite 119. Del Valle, TX 78617",Marianne Alves (Del Valle Elementary),NOT FOUND,NOT FOUND,Daisy Del Bosquez,"Del Valle ISD offers resources such as the Guide to Admission, Review & Dismissal, Notice of Procedural Safeguards, Texas Transition & Employment Guide, Updates in Special Education, and Evaluations & Compensatory Service, all available in both English and Spanish."
Hays CISD,hayscisd.net,Michelle.Velasquez@hayscisd.net,512-268-2141,"Hays CISD 21003 Interstate 35 Kyle, TX 78640",Debbie Brown,NOT FOUND,NOT FOUND,NOT FOUND,"Hays CISD provides resources like the Special Education Parent Handbook, Side by Side Guidance on Regulations, and Parent's Guide to the ARD Process in both English and Spanish. They also offer inclusive play communication boards for school playgrounds."
Schertz-Cibolo-Universal City ISD,https://www.scuc.txed.net/,NOT FOUND,(210) 945-6200,"1060 Elbel Road Schertz, TX 78154",NOT FOUND,NOT FOUND,NOT FOUND,NOT FOUND,"SCUC ISD Special Education offers high-quality, individualized services to support academic and lifelong success for students, staff, parents, and the community. They also provide resources like sensory supports, parent training, and community resources through a Parent Resource Livebinder."
Judson ISD,judsonisd.org,NOT FOUND,(210) 945-5100,"8012 Shin Oak Drive Live Oak, TX 78233",NOT FOUND,NOT FOUND,NOT FOUND,NOT FOUND,"Judson ISD offers resources such as the Special Education Department’s Monthly Parent Newsletter, which showcases community resources and informational events. Additionally, the Special Education Information Center (SPEDTex) provides resources and interactive features to increase family awareness of disabilities and special education processes."
East Central ISD,https://www.ecisd.net/,Marissa.perez@ecisd.net and Joshua.kohutek@ecisd.net,(210) 648-7861,"6674 New Sulphur Springs Rd. San Antonio, TX 78263",Canna Scheib,NOT FOUND,NOT FOUND,Wanda Yarbrough,"East Central ISD Special Education Services support students with disabilities in gaining college and career readiness and independent living skills. Evaluations and services are provided at no cost to the adult student, parent, or guardian."
Bastrop ISD,www.bastropisd.net,NOT FOUND,(512) 772-7835,"1507 Pine Street, Bastrop, TX 78602",Dani Barrington,NOT FOUND,NOT FOUND,NOT FOUND,"The Special Education Information Center (SPEDTex) provides resources and interactive features for increasing family awareness of disabilities and special education processes, with the goal of improving partnerships between schools and families. Bastrop ISD also offers resources regarding a parent's guide to the Admission, Review, and Dismissal process, notice of procedural safeguards, and special education rules and regulations."
Pflugerville ISD,www.pfisd.net,NOT FOUND,512-594-0000,1401 W. Pecan St. Pflugerville. TX. 78660,Katherine Williams,NOT FOUND,NOT FOUND,NOT FOUND,"Pflugerville ISD provides resources and interactive features for increasing family awareness of disabilities and special education processes through the Special Education Information Center (SPEDTex). They also offer training sessions, family connections, and parent consultation meetings through the Family Engagement Specialist."
Lake Travis ISD,https://www.ltisdschools.org,NOT FOUND,512-533-5940,607 Ranch Road 620 North,NOT FOUND,NOT FOUND,NOT FOUND,Corinne Beltran,Lake Travis ISD provides a continuum of specially designed instructional supports and services for students with disabilities eligible for Special Education services. They also offer resources like the Special Education Parent Handbook and information from the Texas Education Agency.
Eanes ISD,www.eanesisd.net,NOT FOUND,(512) 732-9021,"401 Camp Craft Rd., Austin, TX 78746","Lisa Bost (Barton Creek ES), Shane Oberle (Bridge Point ES), Angie Maldonado (Cedar Creek ES), Elizabeth Harpine (Eanes ES), Ashley Krause (Forest Trail ES), Nicole Lencioni (Hill Country MS), Kristin Behnke (West Ridge MS, Westlake Nation), Joy Eickhoff (Westlake HS)",NOT FOUND,NOT FOUND,NOT FOUND,Eanes ISD offers a free and appropriate public education to all children ages 3-21. Every student identified as Dyslexic in Eanes is assigned a Learning Ally account to use both at school and at home.
Coppell ISD,https://www.coppellisd.com,NOT FOUND,214-496-6000,"Coppell ISD 200 S. Denton Tap Road Coppell, TX 75019",Kirsten Knopp,NOT FOUND,NOT FOUND,NOT FOUND,"Coppell ISD provides free evaluations for individuals from birth through 21 years of age who reside within the district and are suspected of having a disability, regardless of whether the child is enrolled in public school. Additionally, Early Childhood Special Education (ECSE) services offer specialized support for children ages 3-5, focusing on language, motor skills, social-emotional learning, and behavior."
Grapevine-Colleyville ISD,www.gcisd.net,NOT FOUND,817-251-5484,"3051 Ira E. Woods Avenue
Grapevine, TX 76051",NOT FOUND,NOT FOUND,NOT FOUND,NOT FOUND,"GCISD provides access to community services that equip parents through education, workshops, understanding of state programs, and preparing children for life outside of education. They also offer free audiobook programs for students with reading difficulties."
Little Elm ISD,https://www.leisd.ws,NOT FOUND,972.947.9340 ext. 11001,"400 Lobo Lane, Little Elm, TX 75068","Jennifer Gwinn, LDT, CALT, District Dyslexia Facilitator",NOT FOUND,NOT FOUND,NOT FOUND,The Special Education Information Center (SPEDTex) provides resources and interactive features for increasing family awareness of disabilities and special education processes. LEISD also has a Special Populations Lending Library.
Crowley ISD,https://www.crowleyisdtx.org,NOT FOUND,817-297-5300,NOT FOUND,NOT FOUND,NOT FOUND,NOT FOUND,NOT FOUND,"Crowley ISD provides special education services to children who have, or are suspected of having, a disability, and these services are available to eligible individuals from birth through 21 years of age at no cost to the family. The Special Education Information Center (SPEDTex) also provides resources and interactive features for increasing family awareness of disabilities and special education processes."
Burleson ISD,www.burlesonisd.net,NOT FOUND,817-245-1000,"1160 SW Wilshire Blvd., Burleson, TX 76028",Kacee Clark,NOT FOUND,Amanda Dissinger (Amanda.Dissinger@bisdmail.net),NOT FOUND,"Burleson ISD offers free special education services to eligible individuals from 3 through 21 years of age, and from birth for auditory and/or visual impairments. They also provide resources like the Talking Book Program for Texans with visual, physical, or reading disabilities."
Forney ISD,www.forneyisd.net,NOT FOUND,469-762-4160,"701 S. Bois D'Arc Street, Forney, TX 75126",Tana Richardson,Karen Sanders,Jamie Wilson,NOT FOUND,"Forney ISD provides resources for parents of students with dyslexia, including the TEA Dyslexia Handbook, and information on evaluation and identification. They also offer access to the Parent-Directed Special Education Services (PDSES) program, which provides a one-time $1,500 online grant for eligible students served by special education."
Royse City ISD,www.rcisd.com,leslie.flisowski@rcisd.org,972-636-2413,"Royse City ISD Administration Building 810 Old Greenville, Rd Royse City, TX",Hope Gaffney,NOT FOUND,Susan Heston,NOT FOUND,"Royse City ISD aims to promote successful learning for all students eligible for Section 504 or special education through effective instructional programs, interventions, and accommodations to access the general grade-level curriculum. The district also provides information about trainings, online training, support groups and other available resources concerning special education services via email, notices sent home, the school website, and phone calls."
Princeton ISD,https://www.princetonisd.net/,sancy.fuller@princetonisd.net,469-952-5406,"321 Panther Parkway, Princeton, TX 75407",NOT FOUND,NOT FOUND,NOT FOUND,NOT FOUND,The Special Education Department provides resources to campuses to support meaningful learning opportunities for eligible students with disabilities. Princeton ISD also provides a full continuum of services to meet the needs of eligible students that allows access to general education instruction with non-disabled peers to the maximum extent appropriate for each student.
Melissa ISD,www.melissaisd.org,jclark@melissaisd.org,972-837-1225,"Melissa ISD
1904 Cooper St
Melissa, TX 75454",Tammy Murphy,NOT FOUND,NOT FOUND,NOT FOUND,"Melissa ISD provides resources such as the Big Red Safety Box, a free toolkit for autism families to prevent wandering-related emergencies. They also offer resources and interactive features through the Special Education Information Center (SPEDTex) to increase family awareness of disabilities and special education processes."
Magnolia ISD,www.magnoliaisd.org,ccoats@magnoliaisd.org,281-252-2111,31141 Nichols Sawmill Road. Magnolia. TX. 77355,Sarah Harcrow,NOT FOUND,Jennifer Stewart,NOT FOUND,Magnolia ISD offers Child Find screenings to evaluate children aged 3-21 for disabilities at no cost to the family. Students with dyslexia or reading difficulties can access free audiobooks through the Talking Book Program and Bookshare.
Waller ISD,https://www.wallerisd.net/,sped@wallerisd.net,936.931.9146,20600 Fields Store Rd. Waller. TX. 77484,KASEY BROWN,NOT FOUND,NOT FOUND,NOT FOUND,The Special Education Information Center (SPEDTex) is a free resource to support families in Texas by providing resources and interactive features for increasing family awareness of disabilities and special education processes. Waller ISD also refers and collaborates with Early Childhood Intervention Services for students' birth to two years of age.
Montgomery ISD,https://www.misd.org/,Kerri.Clark@misd.org,936-276-2460,"20774 Eva Street Montgomery, TX 77356",Alayna Siemonsma,NOT FOUND,NOT FOUND,NOT FOUND,"Montgomery ISD Special Education provides resources and interactive features for increasing family awareness of disabilities and special education processes, with the goal of improving partnerships between schools and families. They also offer free online decodable books."
Channelview ISD,https://www.cvisd.org,NOT FOUND,(281) 452-8006,"Channelview ISD
828 Sheldon Road
Channelview, TX 77530",Marcia Villarreal,NOT FOUND,NOT FOUND,NOT FOUND,"Channelview ISD is dedicated to providing a free, appropriate public education to all children with disabilities, ages 3-21. They also offer resources such as the Special Education Information Center (SPEDTex) that provides resources and interactive features for increasing family awareness of disabilities and special education processes."
Crosby ISD,https://www.crosbyisd.org,ahoehner@crosbyisd.org,(281) 328-9200,"14670 FM 2100 Crosby, Texas, 77532",Caroline Duda,NOT FOUND,NOT FOUND,NOT FOUND,"The Special Education Information Center (SPEDTex) provides resources and interactive features for increasing family awareness of disabilities and special education processes. Crosby ISD also provides resources for students with intellectual disabilities, Autism, and Emotional Disturbance, offering information useful for planning and accessing services through various agencies."
Dickinson ISD,https://www.dickinsonisd.org,NOT FOUND,281-229-6020,"2218 FM 517 East | Dickinson, TX 77539",NOT FOUND,NOT FOUND,Maggie Burk,Esther Smith,"Dickinson ISD provides specially designed instruction and related services to students with disabilities, as determined by the ARD committee, including academic accommodations, adapted equipment, counseling, and therapies. They also offer resources like the SpedTex website and a state dyslexia helpline for parents."
Texas City ISD,www.tcisd.org,NOT FOUND,409-916-0106,"1700 Ninth Avenue North, Texas City, Texas 77590",Amy Alaniz,NOT FOUND,NOT FOUND,Keolla Bell,"TCISD provides special educational services to students with disabilities as provided in the Individuals with Disabilities Education Improvement Act, 2004. The district provides resources like transition activities for at-home learning, skills for life, and independent living skills assessments."
Friendswood ISD,www.fisd.org,aashna@fisdk12.net,281-482-0687,402 Laurel Drive 77546,Laurie Spangle (FJH & FHS 504 Coordinator),NOT FOUND,Tricia Robinson,"Donna Mims (Bales ARD Clerk), Bibi Stojkovska (Cline ARD Clerk), Jessica Murphey (FJH ARD Clerk), Mitzi Bedingfield (FHS ARD Clerk)","Friendswood ISD Special Education offers a continuum of supports, determined through the ARD process, and is committed to providing a Free and Appropriate Public Education to ensure all students make educational progress. The Special Education Information Center (SPEDTex) also provides resources and interactive features for increasing family awareness of disabilities and special education processes."
Santa Fe ISD,www.sfisd.org,NOT FOUND,409-925-9050,"4133 Warpath, Santa Fe, Texas 77510 (SFISD Human Resources)",Denise Bomberger or Danielle Click,NOT FOUND,NOT FOUND,NOT FOUND,"Santa Fe ISD offers free Pre-K options for qualifying families. SFISD is responsible for identifying, locating, and evaluating all children (ages 3-21) with disabilities who need special education and related services, even if they are not currently enrolled in SFISD schools."
Laredo ISD,www.laredoisd.org,rgomez@laredoisd.org,956-273-1500,"1701 Victoria St. Curriculum Department
2400 San Bernardo Ave",Trina Bratton,NOT FOUND,NOT FOUND,Yolanda Almedia,The Special Education Information Center (SPEDTex) provides resources and interactive features for increasing family awareness of disabilities and special education processes. Laredo ISD also provides direct access to programs used throughout the school year and visual supports to be prepared for COVID-19.
McAllen ISD,https://www.mcallenisd.org,maribelle.elizondo@mcalleisd.net,(956)632-3285,"2100 W. Hackberry Ave. McAllen, TX 78501",Salvador Flores,NOT FOUND,NOT FOUND,Jennifer Castellanos,"McAllen ISD Special Education provides services for students with disabilities ages 3-21, and from birth to 3 for those with visual or auditory impairments. They offer evaluations and services at no cost, including academic support, therapy, and specialized programs."
Rio Grande City Grulla ISD,https://www.rgccisd.org/,mgarcia042@rgccisd.org,956-716-6700,"1 S Fort Ringgold Rio Grande City, TX 78582",Monique P. Villarreal,NOT FOUND,Clarissa Ibañez,NOT FOUND,"The Special Services department encompasses Special Education, Dyslexia, and Section 504 programs. The Special Education Information Center (SPEDTex) provides resources and interactive features for increasing family awareness of disabilities and special education processes."
San Benito CISD,https://www.sbcisd.net/,emanriquez@sbcisd.net,(956) 361-6221,"240 N. Crockett St., San Benito, TX 78586",Candy Carrizales,Stephanie Aguilar,Melissa De Leon,NOT FOUND,"San Benito CISD offers various free resources for special education, including adapted physical education, assistive technology, autism in-home training, parent training for autism, and child find services. They also provide resources like operating procedures, SPED TX, supplemental special education services, and legislative updates."
Donna ISD,https://www.donnaisd.net/,scardenas@donnaisd.net,(956) 461-1202,"904 Hester Ave. | Donna, TX 78537",NOT FOUND,NOT FOUND,NOT FOUND,Josephine Richerson,"Donna ISD provides free evaluations and services for children with disabilities living within the Donna ISD boundaries, starting at age 3. The Texas Transition and Employment Guide offers information on statewide services and programs assisting students with disabilities and their families regarding education, employment, and community living."
Clint ISD,https://www.clintweb.net/,NOT FOUND,915-926-8500,"14521 Horizon Boulevard, El Paso, TX 79928",Lorraine Martinez,NOT FOUND,Norma Torres,Myrna Hernandez,"Clint ISD teachers have access to resources in the shared ""SPED Teacher Folder"" in Google Drive. The Education Service Center Region 19 offers a Crisis Response Website with parent support for at-home learning, instructional support, special education live chats, and Coronavirus information."
San Marcos CISD,https://www.smcisd.net,bonita.teasley@smcisd.net,(512) 393-6933,"1331 Hwy 123. San Marcos, TX 78666",Emily McKinney,NOT FOUND,NOT FOUND,Amanda Flores,"San Marcos CISD provides services to students with disabilities attending public, private, or home school, offering a free and appropriate public education to eligible children aged 3 through 21. SPEDTex offers resources and interactive features to increase family awareness of disabilities and special education processes."
Seguin ISD,www.seguin.k12.tx.us,rbird@seguin.k12.tx.us,830-401-8651,"1221 E. Kingsbury Seguin, TX 78155",Dawn Lynn,NOT FOUND,NOT FOUND,Genae. Mccann,Seguin ISD provides services with special education personnel to students with disabilities to meet their needs and ensures they have access to the same educational programs and services as students without disabilities. The Special Education Information Center (SPEDTex) also offers resources and interactive features to increase family awareness of disabilities and special education processes.
Temple ISD,https://www.tisd.org/,angela.solis@tisd.org,254-215-6844,"401 Santa Fe Way, Temple, TX 76501",Julie Montgomery,NOT FOUND,Sandra Young,Karla Ruiz,"Temple ISD provides resources for parents and staff, including guides for parents of children with disabilities, information on graduation and transitioning, and activities for social skills and behavior regulation."
Belton ISD,https://www.beltonisd.net,sara.windham@bisd.net,254-215-2112,"400 N. Wall Street, Belton, Texas 76513",Amy Jourden,NOT FOUND,Kristi Drennan,Jennifer Huffman,"Belton ISD Special Programs site offers resources such as the Special Education Information Center (SPEDTex), which provides resources and interactive features for increasing family awareness of disabilities and special education processes. They also provide information on dyslexia, Section 504, and transition services."
Copperas Cove ISD,https://www.ccisd.com/,NOT FOUND,254-547-1227,"408 S. Main St. Copperas Cove, TX 76522",Lauren Hooten,NOT FOUND,NOT FOUND,Laura Quinones,"Copperas Cove ISD provides quality special education services to children with disabilities residing in the district, or those attending private or home schools within the district, free of charge. SPEDTex offers resources and interactive features to increase family awareness of disabilities and special education processes."
Midway ISD,www.midwayisd.org,lisa.cochran@midwayisd.org,254-761-5610,NOT FOUND,NOT FOUND,NOT FOUND,NOT FOUND,NOT FOUND,"Midway ISD provides resources through the Special Education Information Center (SPEDTex) to increase family awareness of disabilities and special education processes. They also follow the guidelines in The Dyslexia Handbook: Procedures Concerning Dyslexia and Related Disorders, published by the Texas Education Agency."
Abilene ISD,www.abileneisd.org,stevanie.jackson@abileneisd.org,(325) 677-1444,"AISD Administration
241 Pine Street
Abilene, Texas 79601",Andrea Schwertner,NOT FOUND,NOT FOUND,NOT FOUND,"Abilene ISD's Special Education department provides a range of programs and services to meet the unique needs of students, offering access to the general education curriculum and specialized supports. They also offer instructional support like Speech-Language Pathology, Visually Impaired, and Deaf or Hard of Hearing Services."
Texarkana ISD,www.txkisd.net,NOT FOUND,903.793.7561,"3413 Summerhill Road Texarkana, Texas 75503","Terre Carroll, LDT, CALT",NOT FOUND,NOT FOUND,NOT FOUND,"Texarkana ISD provides Child Find, a free referral and information service to identify, locate, and evaluate children with disabilities. SPEDTex offers resources and interactive features to increase family awareness of disabilities and special education processes."
